City,total
sao paulo,383114
rio de janeiro,215100
belo horizonte,59226
brasilia,46651
salvador,43492
guarulhos,35268
campinas,29720
porto alegre,29631
fortaleza,27260
curitiba,25376
goiania,24424
sao bernardo do campo,21001
niteroi,18727
sao jose dos campos,18487
sorocaba,18405
sao goncalo,18139
osasco,17085
recife,15430
santo andre,14903
nova iguacu,14506
sao luis,13653
jundiai,12463
belem,12294
duque de caxias,12102
praia grande,11416
florianopolis,10991
barueri,10802
santos,10418
piracicaba,9993
carapicuiba,9228
taboao da serra,9188
aracaju,9091
ribeirao preto,8707
contagem,8613
maringa,8432
joao pessoa,8414
macae,8377
maceio,8368
diadema,7711
taubate,7695
teresina,7679
bauru,7669
nova friburgo,7537
sao joao de meriti,7537
mogi das cruzes,7108
guaruja,6908
vila velha,6278
campo grande,6266
londrina,6239
cotia,6170
americana,6163
embu das artes,6068
uberlandia,5591
serra,5477
joinville,5449
franca,5381
blumenau,5380
betim,5380
santana de parnaiba,5373
governador valadares,5312
rio das ostras,5311
itu,5304
belford roxo,5284
vitoria,4853
sao jose do rio preto,4809
maua,4775
indaiatuba,4763
petropolis,4714
sao carlos,4711
campos dos goytacazes,4697
sumare,4637
sao vicente,4612
marica,4577
pocos de caldas,4575
caraguatatuba,4534
francisco morato,4529
salto,4528
itanhaem,4522
sao caetano do sul,3992
cuiaba,3983
volta redonda,3948
canoas,3942
jacarei,3900
atibaia,3899
uberaba,3896
araraquara,3864
divinopolis,3850
mage,3825
aparecida de goiania,3813
porto velho,3813
palhoca,3797
vinhedo,3797
itapecerica da serra,3792
caieiras,3790
varzea paulista,3779
registro,3744
barra do pirai,3736
boa vista,3730
juiz de fora,3441
suzano,3234
caxias do sul,3217
natal,3198
montes claros,3192
limeira,3177
feira de santana,3165
presidente prudente,3138
itaquaquecetuba,3131
cabo frio,3107
cariacica,3106
jaboatao dos guararapes,3091
barra mansa,3091
rio grande,3078
cajamar,3068
santa luzia,3066
nilopolis,3065
vitoria da conquista,3056
pindamonhangaba,3054
olinda,3052
mogi-guacu,3052
ubatuba,3044
sao roque,3040
barretos,3031
sao sebastiao,3024
amparo,3023
itaborai,3022
jaboticabal,3005
varzea grande,2997
vespasiano,2995
maracanau,2993
itabirito,2981
presidente venceslau,2978
timon,2960
pelotas,2430
rio claro,2400
paulinia,2380
aracatuba,2379
sao jose dos pinhais,2375
manaus,2372
hortolandia,2371
pouso alegre,2361
palmas,2358
ribeirao pires,2333
ribeirao das neves,2331
balneario camboriu,2326
lavras,2312
ananindeua,2311
araxa,2307
ourinhos,2307
rio verde,2306
ilheus,2303
araruama,2300
lauro de freitas,2300
viamao,2298
tatui,2296
catanduva,2292
guarapuava,2287
sinop,2287
pinhais,2286
ituiutaba,2278
bage,2276
petrolina,2276
bento goncalves,2273
concordia,2273
itapira,2273
boituva,2270
videira,2261
artur nogueira,2261
cruz alta,2260
ibirite,2260
andradina,2259
araguaina,2250
arapongas,2250
juazeiro do norte,2248
sobral,2247
mafra,2247
imbituba,2244
capivari,2244
rolandia,2241
sapiranga,2239
biguacu,2233
novo gama,2225
cangucu,2225
valinhos,1692
ipatinga,1691
marilia,1689
sao jose,1678
cascavel,1667
ponta grossa,1640
braganca paulista,1638
novo hamburgo,1628
sete lagoas,1619
resende,1615
chapeco,1604
anapolis,1604
ferraz de vasconcelos,1601
sao leopoldo,1596
criciuma,1587
itajuba,1586
angra dos reis,1584
guaratingueta,1584
vicosa,1584
nova lima,1579
conselheiro lafaiete,1577
sao joao da boa vista,1569
itabira,1568
cacapava,1564
rio branco,1557
colatina,1556
jaguariuna,1554
colombo,1553
lagoa santa,1549
parnamirim,1548
itabuna,1542
ouro preto,1542
paranagua,1541
erechim,1539
timoteo,1538
patrocinio,1534
itupeva,1534
cosmopolis,1532
paranavai,1531
francisco beltrao,1531
bertioga,1530
nova serrana,1530
saquarema,1529
tres coracoes,1527
porto seguro,1527
curvelo,1526
extrema,1524
ilhabela,1523
ponte nova,1523
juazeiro,1521
lencois paulista,1521
itaguai,1521
monte mor,1519
eunapolis,1519
esteio,1518
tiete,1517
olimpia,1515
mossoro,1515
guanambi,1515
tres rios,1514
sao lourenco,1514
jequie,1512
camaragibe,1512
cachoeira do sul,1512
santo antonio de padua,1511
monte alto,1508
jales,1507
ituverava,1507
porto ferreira,1507
santa isabel,1506
carangola,1505
frutal,1503
vacaria,1499
piraju,1499
cafelandia,1498
medianeira,1498
guapimirim,1496
claudio,1496
sarandi,1496
candeias,1495
barrinha,1494
picos,1494
posse,1493
vilhena,1493
jaguariaiva,1493
penha,1492
miracema,1492
pitangueiras,1491
redencao,1491
capanema,1491
ipojuca,1490
igarassu,1488
quissama,1488
italva,1488
santa cruz do capibaribe,1488
fraiburgo,1487
vargem grande do sul,1486
igarape,1486
ipira,1485
balneario picarras,1484
sao lourenco do oeste,1483
conchas,1483
bilac,1483
aracariguama,1482
sao goncalo do sapucai,1482
santa cecilia,1479
terra roxa,1479
utinga,1477
timburi,1477
prudente de morais,1477
salto do ceu,1476
vargem alegre,1475
engenheiro beltrao,1474
santa maria,976
cachoeiro de itapemirim,884
santa barbara d'oeste,876
teresopolis,871
passo fundo,865
itajai,865
gravatai,863
franco da rocha,857
araras,854
botucatu,852
jaragua do sul,847
votorantim,846
patos de minas,845
jandira,841
lages,837
foz do iguacu,837
varginha,837
birigui,836
lorena,833
itapetininga,831
jau,830
barbacena,830
mogi mirim,827
tupa,826
campina grande,824
caruaru,823
linhares,818
manhuacu,818
aruja,816
dourados,816
sertaozinho,815
toledo,815
muriae,814
paracatu,814
sao joao del rei,814
rondonopolis,813
guarapari,812
camacari,812
avare,810
valenca,808
queimados,807
apucarana,804
itapeva,804
peruibe,802
itauna,801
macapa,800
lins,800
barreiras,797
matao,796
joao monlevade,796
uruguaiana,794
fernandopolis,794
itaperuna,792
santo angelo,791
sao mateus,788
campo limpo paulista,788
vargem grande paulista,787
campo largo,786
mongagua,785
itumbiara,784
sao miguel do oeste,784
sao bento do sul,784
sapucaia do sul,784
santarem,784
aracruz,783
paulo afonso,783
vassouras,782
coronel fabriciano,782
nova odessa,781
umuarama,780
gaspar,780
campo bom,780
catalao,780
bom despacho,780
adamantina,780
cataguases,779
mococa,777
itarare,777
alegrete,777
arraial do cabo,776
dracena,776
orlandia,776
garanhuns,775
santa cruz do rio pardo,775
telemaco borba,775
marechal candido rondon,775
sao sebastiao do paraiso,774
cerquilho,774
santa rosa,774
garca,771
corumba,771
camboriu,771
santa fe do sul,771
santo antonio de jesus,770
gramado,769
bom jesus dos perdoes,769
batatais,768
janauba,768
barra bonita,768
mineiros,768
garopaba,768
promissao,768
tambau,768
santa barbara,767
armacao dos buzios,767
alem paraiba,767
dois vizinhos,767
lucas do rio verde,766
rio bonito,766
teixeira de freitas,766
brumado,765
farroupilha,765
parnaiba,765
holambra,765
dias d'avila,764
mairinque,764
vera cruz,764
campos do jordao,764
aguas de lindoia,763
piracaia,763
rio grande da serra,763
ibiruba,762
castanhal,762
curitibanos,762
bom jesus do itabapoana,762
porto feliz,762
monte carmelo,762
piedade,761
senhor do bonfim,761
sao gabriel,761
lapa,760
cicero dantas,760
cachoeiras de macacu,760
aracati,760
carazinho,760
sao manuel,760
sao joao nepomuceno,760
rancharia,760
jacobina,760
campo novo do parecis,760
tangara da serra,760
goianesia,759
laranjeiras do sul,759
carlos barbosa,758
guararapes,758
visconde do rio branco,757
cordeiropolis,757
pirai,757
capelinha,757
sao francisco do sul,757
tres pontas,757
jarinu,757
novo horizonte,756
canela,756
morro agudo,756
paragominas,756
dois irmaos,756
tucurui,756
crato,756
itabaiana,756
pereira barreto,755
taio,755
barra velha,755
paraguacu,755
aguai,755
camaqua,755
serrinha,754
taquarituba,754
buritis,754
palmeira,754
sao simao,754
sao sebastiao do cai,754
santa rosa de viterbo,754
mata de sao joao,754
bom jardim,753
jacarezinho,753
santo antonio do monte,753
petrolandia,753
caxambu,753
cunha,753
serra negra,753
castilho,752
estrela,752
niquelandia,752
rio negro,752
paranaiba,752
itamaraju,752
aperibe,752
iturama,752
presidente dutra,752
divino,752
mangaratiba,751
salto de pirapora,751
santo amaro da imperatriz,751
bom jesus,751
jaguare,751
carmo,751
pontal,751
itanhandu,751
sao gabriel da palha,751
gravata,751
brodowski,751
marituba,751
sao lourenco da mata,751
araripina,751
ipameri,750
itapiranga,750
conceicao de macabu,750
santa gertrudes,750
bezerros,750
macaubas,750
cambara,750
ibate,750
limoeiro do norte,750
belo jardim,750
quata,750
cacoal,750
buritizeiro,750
passa quatro,749
guara,749
sombrio,749
engenheiro coelho,749
lagoa da prata,749
cajazeiras,749
barra de sao francisco,749
palmares,749
itapipoca,749
goiana,749
ibia,748
mateus leme,748
maravilha,748
arroio do meio,748
rio das pedras,748
conceicao da aparecida,748
turmalina,747
campina grande do sul,747
codo,747
ipiau,747
mirai,747
cocal,747
juquia,747
garibaldi,747
taquaritinga do norte,747
santo augusto,747
balneario pinhal,747
ampere,747
pedro de toledo,747
itaberaba,746
mangueirinha,746
santa barbara d oeste,746
piratininga,746
simonesia,746
santo antonio do jacinto,746
santa juliana,746
sao miguel do iguacu,746
potirendaba,746
currais novos,746
arroio do sal,746
sao luis de montes belos,746
mimoso do sul,746
rolante,746
porecatu,746
arraial d'ajuda,745
pirapetinga,745
itacare,745
camamu,745
eldorado,745
borborema,745
cristina,745
teixeiras,745
pirai do sul,744
sao joao do piaui,744
itapuranga,744
itambe,744
bananal,744
bady bassitt,744
cabedelo,744
santa rita,744
nhandeara,744
teotonio vilela,744
pirangi,744
pimenta bueno,744
virginopolis,744
cachoeira de minas,743
assai,743
sapucaia,743
lajedo,743
areado,743
casa nova,743
perdigao,743
ibira,743
bofete,743
general salgado,743
sao joao evangelista,743
piritiba,743
soledade de minas,743
cruzeiro do sul,743
presidente bernardes,743
sabinopolis,743
presidente getulio,743
indianopolis,742
barreiros,742
buenopolis,742
seara,742
tombos,742
buriticupu,742
sete barras,742
araujos,742
piratuba,742
santo antonio do jardim,742
pauliceia,742
ladario,742
abre campo,742
rio pardo,742
acu,742
esplanada,742
una,741
trombudo central,741
arandu,741
fundao,741
uruana,741
mario campos,741
arealva,741
peabiru,741
jatoba,741
mandaguacu,741
sao tomas de aquino,741
pecanha,741
teixeira soares,741
itapaci,741
campos gerais,741
sao bento do una,741
paracuru,741
tucuma,740
anta,740
varzelandia,740
campina da lagoa,740
cafeara,740
nazare,740
ilha comprida,740
eliseu martins,740
crisopolis,740
alto jequitiba,740
ibiraci,740
buerarema,740
morretes,740
iaciara,740
aragarcas,740
propria,740
cuite,740
cacequi,740
coelho neto,740
aquidauana,740
dumont,740
uaua,740
itaitinga,740
ubata,740
iguatama,740
sao miguel do tapuio,739
aguas de sao pedro,739
rinopolis,739
vigia,739
maioba,739
quixere,739
caldeirao grande,739
sao vicente ferrer,739
sao joao do triunfo,739
santana do araguaia,739
serrolandia,739
ataleia,739
deputado irapuan pinheiro,739
olindina,739
motuca,739
nova cantu,739
pedra bela,739
quadra,739
carlos chagas,739
bom retiro do sul,739
sao domingos das dores,738
nossa senhora do o,738
aguia branca,738
barra de santa rosa,738
mandirituba,738
monte gordo,738
uniao dos palmares,738
abrantes,738
herval,738
brasilandia de minas,738
charrua,738
pau d'arco,738
aquiraz,738
wenceslau guimaraes,738
caibate,738
tracunhaem,738
vitoria do mearim,738
dom joaquim,738
rancho alegre,738
caturama,738
altinho,738
araripe,738
pedro ii,738
nossa senhora de caravaggio,738
lidice,737
jacarau,737
sao francisco do humaita,737
doutor mauricio cardoso,737
itacurussa,737
lebon regis,737
jaguapita,737
jataizinho,737
novo oriente de minas,737
sao joao do itaperiu,737
boquim,737
avai,737
cacimbinhas,737
palmital de minas,737
alto bela vista,737
muliterno,737
pirapemas,737
dores de guanhaes,737
monteiro lobato,737
santo antonio de goias,737
sao fernando,737
livramento,737
apiacas,737
sao domingos do sul,737
campo bonito,737
mairipotaba,737
piao,737
paulino neves,737
pinto bandeira,737
caetanos,737
nova brescia,737
porto dos gauchos,737
baguari,737
itapevi,197
itatiba,110
poa,107
assis,106
teofilo otoni,98
mesquita,96
cachoeirinha,91
cubatao,88
mairipora,85
santa cruz do sul,83
ijui,80
uba,78
votuporanga,76
pirassununga,76
embu-guacu,73
caratinga,72
cruzeiro,69
tubarao,68
brusque,67
pato branco,66
araucaria,65
campo mourao,65
araguari,64
jatai,63
bebedouro,62
lajeado,62
unai,62
alvorada,60
leme,57
guaira,55
alfenas,55
paulista,53
pedreira,52
sao jose do rio pardo,52
sao pedro da aldeia,51
caucaia,51
pirapora,51
pedro leopoldo,51
passos,51
tres lagoas,49
uniao da vitoria,49
penapolis,48
ouro branco,48
itapema,48
capao da canoa,48
cianorte,47
sao joaquim da barra,47
japeri,47
louveira,46
valparaiso de goias,46
alagoinhas,46
imperatriz,44
cacador,44
sabara,44
rio do sul,43
tremembe,43
luis eduardo magalhaes,43
caldas novas,42
guaxupe,42
osorio,41
seropedica,41
para de minas,41
formosa,40
santa rita do sapucai,40
almirante tamandare,40
itaqui,39
luziania,38
tijucas,38
guaiba,37
santiago,37
taquaritinga,37
xanxere,37
montenegro,37
barra do garcas,36
navegantes,36
ibiuna,36
paracambi,36
arapiraca,35
congonhas,35
formiga,35
mariana,34
itapolis,34
parauapebas,34
miguel pereira,33
coromandel,33
presidente epitacio,33
viana,33
capao bonito,33
matinhos,33
brumadinho,33
castro,32
gurupi,31
piumhii,31
mirassol,31
caceres,31
primavera do leste,31
cravinhos,30
simoes filho,30
trindade,30
cambe,30
fazenda rio grande,30
canoinhas,30
indaial,29
joacaba,29
paraty,29
nanuque,29
diamantina,29
estancia velha,29
cambui,29
santana do livramento,29
caete,29
tramandai,28
arcos,28
iguaba grande,28
salinas,28
pitangui,28
icara,28
ilha solteira,28
guapore,28
aparecida,28
morrinhos,27
monte siao,27
aguas lindas de goias,27
sao gotardo,27
pinhalzinho,27
alto paraiso de goias,27
cachoeira paulista,27
marau,27
venancio aires,27
altamira,27
ponta pora,27
veranopolis,26
braco do norte,26
quatro barras,26
monte azul paulista,26
juquitiba,26
januaria,26
mandaguari,25
viradouro,25
cordeiro,25
sorriso,25
cornelio procopio,25
sao fidelis,24
laguna,24
palmital,24
ouro fino,24
ibitinga,24
pompeia,24
pederneiras,24
boa esperanca,24
irece,24
bonfim paulista,24
machado,24
oliveira,23
cantagalo,23
brotas,23
timbo,23
irati,23
santo anastacio,23
cabo de santo agostinho,23
socorro,23
santa rita do passa quatro,23
maraba,23
campos novos,23
campo belo,23
nova granada,23
santos dumont,23
casimiro de abreu,23
venda nova do imigrante,22
cerqueira cesar,22
torres,22
jacutinga,22
santa maria de jetiba,22
taquara,22
anchieta,21
osvaldo cruz,21
cruz das almas,21
conchal,21
ariquemes,21
sacramento,21
paraguacu paulista,21
eusebio,21
rosario do sul,21
guanhaes,21
ararangua,21
laranjal paulista,21
agua boa,21
ipora,20
leopoldina,20
espera feliz,20
itaocara,20
americo brasiliense,20
igrejinha,20
balsas,20
palmeira das missoes,20
santo antonio de posse,20
paraiba do sul,20
bariri,20
sao mateus do sul,20
barra de sao joao,20
porangatu,20
ipero,20
iracemapolis,20
itaporanga,20
santo antonio da platina,20
paty do alferes,20
bambui,19
sarzedo,19
santana do paraiso,19
panambi,19
sao joao da barra,19
joao pinheiro,19
uruacu,19
barao de cocais,19
itapetinga,19
marialva,19
espirito santo do pinhal,19
nova venecia,19
ji-parana,19
sao francisco,19
junqueiropolis,19
piuma,19
pirapora do bom jesus,19
matias barbosa,19
candido mota,19
guacui,19
pires do rio,19
sao borja,19
itatiaia,19
castelo,19
natividade,19
carmo do paranaiba,18
charqueadas,18
santo antonio da patrulha,18
alegre,18
santa ines,18
itajobi,18
imbe,18
conselheiro pena,18
forquilhinha,18
iguatu,18
macatuba,18
santana,18
juina,18
floriano,18
bastos,18
senador canedo,18
agudos,18
astolfo dutra,18
sao luiz gonzaga,17
marataizes,17
vitoria de santo antao,17
bonito,17
quirinopolis,17
piraquara,17
santa vitoria,17
inhumas,17
nova prata,17
triunfo,17
raposos,17
patos,17
ibirama,17
pirajui,17
teutonia,17
mata verde,17
carmo do rio claro,17
salgueiro,17
almenara,16
nova era,16
feliz,16
faxinal dos guedes,16
chapadao do sul,16
santa adelia,16
bombinhas,16
embu,16
caxias,16
esmeraldas,16
ibipora,16
ituporanga,16
tupaciguara,16
pariquera-acu,16
alta floresta,16
manhumirim,16
maracaju,16
paraisopolis,16
cajati,16
sao francisco de itabapoana,16
eldorado do sul,15
nossa senhora do socorro,15
correia pinto,15
flores da cunha,15
pirapozinho,15
bandeirantes,15
barroso,15
porto uniao,15
teodoro sampaio,15
iguape,15
sao goncalo do amarante,15
mirandopolis,15
pinheiral,15
abaetetuba,15
assis chateaubriand,15
pilar do sul,15
rio brilhante,15
parati,15
sao lourenco do sul,15
frederico westphalen,15
sao jose do vale do rio preto,15
santo amaro,15
rio negrinho,15
jardinopolis,15
jose bonifacio,15
loanda,15
santa vitoria do palmar,15
taiobeiras,15
sao lourenco da serra,15
santa maria da vitoria,15
conceicao do mato dentro,15
monte aprazivel,15
lagoa vermelha,15
raul soares,14
bacabal,14
itamonte,14
serrana,14
sao pedro,14
sao joao,14
mendes,14
guaramirim,14
araquari,14
floresta,14
ivoti,14
tres de maio,14
andradas,14
abreu e lima,14
sao jose de ribamar,14
miguelopolis,14
descalvado,14
mirassol d'oeste,14
herval d'oeste,14
tres marias,14
parobe,14
costa rica,14
nova andradina,14
andira,14
guariba,14
aluminio,14
treze tilias,14
pojuca,14
mantena,14
sao miguel arcanjo,13
minacu,13
carandai,13
ipua,13
santa helena,13
paranapanema,13
itapecerica,13
colorado,13
casa branca,13
coxim,13
celso ramos,13
paraiso do tocantins,13
taquari,13
serra talhada,13
rondon do para,13
russas,13
nucleo residencial pilar,13
encantado,13
taguatinga,13
cesario lange,13
tabapua,13
coronel vivida,13
quixada,13
bocaiuva,13
alvinopolis,13
pompeu,13
regente feijo,13
ouroeste,13
goioere,12
abaete,12
biritiba-mirim,12
varzea da palma,12
bom jesus da lapa,12
brejo santo,12
estancia,12
matozinhos,12
charqueada,12
aracoiaba da serra,12
mostardas,12
auriflama,12
sidrolandia,12
eloi mendes,12
itamarandiba,12
goitacazes,12
canarana,12
tanabi,12
urupes,12
portao,12
tupi paulista,12
malacacheta,12
cansancao,12
chavantes,12
guaratuba,12
capinzal,12
tapiratiba,12
pradopolis,12
guaicara,12
dois corregos,12
rio paranaiba,12
montanha,12
tiangua,12
carmo do cajuru,12
campo formoso,12
fartura,12
capinopolis,12
aguas da prata,12
lucelia,12
espinosa,12
jandaia do sul,12
lambari,12
santa teresa,12
tres passos,12
duartina,12
itai,12
salesopolis,12
paraibuna,12
cassilandia,12
buritama,12
aparecida do taboado,12
corinto,11
bom jardim de minas,11
goiatuba,11
santa helena de goias,11
sobradinho,11
porciuncula,11
pesqueira,11
pinhao,11
caconde,11
capitolio,11
guarabira,11
maracai,11
nova esperanca,11
alto do rodrigues,11
sao marcos,11
palotina,11
piranguinho,11
ronda alta,11
sao joao batista,11
martinopolis,11
chapadao do ceu,11
nova ponte,11
cerro largo,11
sao joaquim,11
itaiopolis,11
dom pedrito,11
ibaiti,11
nao-me-toque,11
sumidouro,11
catu,11
lagarto,11
planalto,11
papucaia,11
pomerode,11
pau dos ferros,11
jequitinhonha,11
barra da estiva,11
barra do corda,11
boa esperanca do sul,11
tapejara,11
querencia,11
afonso claudio,11
ibatiba,11
planaltina,11
taguai,11
papanduva,11
icem,11
sao raimundo nonato,11
baixo guandu,11
escada,11
piracanjuba,11
navirai,11
cacu,11
nova xavantina,11
guararema,11
dourado,11
girua,11
prata,11
guaranesia,11
taua,10
braganca,10
piquete,10
brasilia de minas,10
mamanguape,10
alto boa vista,10
parapua,10
baependi,10
valente,10
palestina,10
queimadas,10
marmeleiro,10
muzambinho,10
coroata,10
santa cruz das palmeiras,10
lindoia,10
imbituva,10
morada nova,10
tres cachoeiras,10
mutum,10
xaxim,10
resplendor,10
bayeux,10
valparaiso,10
jacare,10
taruma,10
itajuipe,10
perdizes,10
poco fundo,10
perdoes,10
ico,10
mar de espanha,10
buri,10
neropolis,10
rubiataba,10
colider,10
vila valerio,10
sao jose do cedro,10
campanha,10
nepomuceno,10
belo oriente,10
sao joaquim de bicas,10
carpina,10
camanducaia,10
itaguacu,10
primavera,10
quedas do iguacu,10
ipaussu,10
piedade de caratinga,10
urussanga,10
caico,10
paicandu,10
antonina,10
sao benedito,10
fervedouro,10
campina verde,10
paco do lumiar,10
arapoti,10
realeza,10
xinguara,10
caetite,10
jaguarao,10
siqueira campos,10
julio de castilhos,10
aimores,10
campo verde,10
palmeira dos indios,10
conceicao do coite,10
porto nacional,9
cajuru,9
santa cruz cabralia,9
pinheiros,9
crixas,9
trajano de moraes,9
dores do indaia,9
cajobi,9
campo maior,9
dianopolis,9
cedral,9
acreuna,9
tres fronteiras,9
trancoso,9
ibotirama,9
nova londrina,9
itapoa,9
goianira,9
taiuva,9
campo ere,9
schroeder,9
matupa,9
espumoso,9
cidade ocidental,9
rio acima,9
balsamo,9
morro do chapeu,9
porto real,9
penedo,9
faxinal,9
luis antonio,9
canaa dos carajas,9
pontes e lacerda,9
vazante,9
monte santo de minas,9
sao gabriel do oeste,9
monte alegre de minas,9
joao neiva,9
sao bento do sapucai,9
arroio dos ratos,9
serafina correa,9
sao jeronimo,9
aracuai,9
marilandia,9
ipanema,9
camocim,9
crateus,9
novo cruzeiro,9
panorama,9
santa branca,9
colina,9
acarau,9
santa albertina,9
rodeio,9
domingos martins,9
capela,9
xangri-la,9
porto belo,9
nova petropolis,9
goias,9
botelhos,9
sao felix do xingu,9
benedito novo,9
sao goncalo do rio abaixo,9
ipaba,9
paraopeba,9
divinolandia,8
ortigueira,8
sao jose do norte,8
hidrolandia,8
nova prata do iguacu,8
nazare paulista,8
astorga,8
ouricuri,8
california da barra,8
potiragua,8
japuiba,8
madre de deus,8
ecoporanga,8
tiradentes,8
cristalina,8
nova russas,8
comendador levy gasparian,8
angatuba,8
cruzeiro do oeste,8
sao cristovao,8
confresa,8
guarani,8
dores de campos,8
amambai,8
arinos,8
coribe,8
getulio vargas,8
itabera,8
aguas belas,8
alcinopolis,8
carai,8
itambacuri,8
limoeiro,8
miracatu,8
orleans,8
apiai,8
aripuana,8
conceicao do araguaia,8
bela vista de goias,8
sao joao do paraiso,8
cosmorama,8
alvares machado,8
campinorte,8
horizontina,8
prudentopolis,8
bicas,8
ribeira do pombal,8
tocantinopolis,8
lagoa formosa,8
ruy barbosa,8
sapezal,8
caetanopolis,8
tucano,8
monte belo,8
catole do rocha,8
estiva gerbi,8
encruzilhada do sul,8
diamantino,8
mambore,8
igaracu do tiete,8
cananeia,8
nova olinda,8
santa rita de caldas,8
cidade gaucha,8
sousa,8
areal,8
cruz,8
anicuns,8
nova europa,8
sao sepe,8
soledade,8
sao jose da lapa,8
arceburgo,8
bananeiras,8
cambuci,8
afogados da ingazeira,8
ubajara,8
lauro muller,8
acopiara,8
japura,8
colonia castrolanda,8
lagoa grande,8
pontal do parana,8
comodoro,8
novo progresso,8
sao jose da barra,7
itau de minas,7
missal,7
fronteira,7
sao francisco de paula,7
apiuna,7
canapolis,7
medeiros neto,7
jacunda,7
sao jose do calcado,7
ivaipora,7
saudades,7
itapura,7
tangua,7
camacan,7
alfredo chaves,7
piripiri,7
alpinopolis,7
saltinho,7
reboucas,7
inhapim,7
santa rita do araguaia,7
campos belos,7
morro da fumaca,7
morungaba,7
simao dias,7
martins soares,7
mallet,7
primeiro de maio,7
elias fausto,7
rio do pires,7
ribeirao claro,7
entre rios de minas,7
indiara,7
porto xavier,7
arapora,7
guaracai,7
ubirata,7
terra rica,7
passo de torres,7
ribeirao bonito,7
joanopolis,7
jaru,7
iacanga,7
cacapava do sul,7
silvania,7
senges,7
nova santa rita,7
canavieiras,7
pombal,7
avanhandava,7
sao domingos,7
sooretama,7
rolim de moura,7
formosa do rio preto,7
jumirim,7
fernando prestes,7
rio largo,7
firminopolis,7
itobi,7
casca,7
pacajus,7
medina,7
mozarlandia,7
santa maria madalena,7
itariri,7
sao joao dos patos,7
moreno,7
seabra,7
acailandia,7
ourilandia do norte,7
vila muriqui,7
severinia,7
grajau,7
entre rios,7
itaobim,7
ervalia,7
sao domingos do norte,7
itapui,7
inconfidentes,7
inhambupe,7
dom feliciano,7
salto do lontra,7
ceu azul,7
jeceaba,7
ceres,7
padre carvalho,7
rio pomba,7
igarapava,7
jaragua,7
rio novo do sul,7
paulo de faria,7
sao miguel do araguaia,7
monte alegre do sul,7
conquista,7
cachoeira alta,7
santa isabel do para,7
catende,7
pinhalao,7
pacaembu,7
nova veneza,7
paulo frontin,7
bom conselho,7
mucuri,7
paramirim,7
mundo novo,7
timbauba,7
antonio prado,7
engenheiro paulo de frontin,7
conservatoria,7
uruara,7
arcoverde,7
dom eliseu,7
santo cristo,7
bocaina,7
itapejara d'oeste,7
iraquara,6
camapua,6
colonia vitoria,6
pedregulho,6
sao jose do ouro,6
aurora,6
barbalha,6
mendonca,6
agua branca,6
silva jardim,6
aguas vermelhas,6
feira nova,6
guarei,6
apiaca,6
ipueiras,6
itarana,6
tupancireta,6
quixeramobim,6
cabreuva,6
rio do campo,6
espigao do oeste,6
jeremoabo,6
araruna,6
presidente olegario,6
condor,6
frei inocencio,6
vargem bonita,6
torrinha,6
caldas,6
candido godoi,6
gravatal,6
rio pardo de minas,6
delmiro gouveia,6
caninde,6
cassia,6
cardoso,6
raposo,6
claudia,6
pedralva,6
itaipulandia,6
rafard,6
colinas,6
bataguassu,6
carmopolis de minas,6
pejucara,6
cambuquira,6
livramento de nossa senhora,6
campos de julio,6
abelardo luz,6
rio branco do sul,6
itaberai,6
juatuba,6
barcarena,6
tocantins,6
tres coroas,6
dionisio cerqueira,6
santo estevao,6
iepe,6
jesuania,6
marechal floriano,6
sales oliveira,6
rio casca,6
palmares do sul,6
nova trento,6
otacilio costa,6
turvo,6
santo amaro de campos,6
pedra preta,6
rio das flores,6
regeneracao,6
santa tereza do oeste,6
carmo da mata,6
cocalinho,6
custodia,6
santo antonio do descoberto,6
borda da mata,6
nova esperanca do sul,6
campinas do sul,6
sao sebastiao do alto,6
santa cruz,6
catigua,6
ascurra,6
guadalupe,6
ubaira,6
lagoa dourada,6
miguel calmon,6
barra do ribeiro,6
nova alvorada do sul,6
cardoso moreira,6
nova hartz,6
areias,6
capitao leonidas marques,6
jambeiro,6
brazopolis,6
guarai,6
juruaia,6
sananduva,6
sao romao,6
oeiras,6
catas altas,6
alexania,6
quixabeira,6
juara,6
quatis,6
holambra ii,6
cabrobo,6
corrente,6
mato verde,6
aguas formosas,6
sanclerlandia,6
paraiso,6
paulistana,6
guapo,6
guapiacu,6
datas,6
esperanca,6
pacaja,6
lima duarte,6
maracas,6
pains,6
jaiba,6
araputanga,6
ipora do oeste,6
tabira,6
urania,6
orizona,6
tapes,6
irapuru,6
carlopolis,6
conceicao do rio verde,6
bom principio,6
paranaita,6
diamante do norte,6
euclides da cunha,6
paraipaba,6
garuva,6
itapaje,6
catanduvas,6
ibicarai,6
butia,6
colonia jordaozinho,5
minas novas,5
tabatinga,5
eneas marques,5
iapu,5
sirinhaem,5
nova bandeirantes,5
sao geraldo,5
cruzilia,5
sao tiago,5
itarantim,5
jauru,5
joviania,5
santa maria de itabira,5
santa cruz de minas,5
roseira,5
roque gonzales,5
imbuia,5
adolfo,5
capivari de baixo,5
cidreira,5
quatigua,5
travessao,5
santa fe,5
clevelandia,5
bom repouso,5
papagaios,5
gouveia,5
mendes pimentel,5
pedrinopolis,5
igarata,5
castelo do piaui,5
conceicao do castelo,5
nova mutum,5
santa monica,5
barbosa ferraz,5
catuipe,5
santo antonio do amparo,5
surubim,5
pacatuba,5
terra de areia,5
silveiras,5
campos sales,5
japira,5
maracana,5
itapagipe,5
pedra azul,5
candelaria,5
jardim do serido,5
candido de abreu,5
ze doca,5
bonfim,5
varjota,5
palmitinho,5
lago da pedra,5
cunha pora,5
barro,5
sao miguel do guama,5
vera,5
nova fatima,5
macau,5
massaranduba,5
araguatins,5
matias olimpio,5
pinheiro machado,5
goianapolis,5
tailandia,5
corupa,5
parambu,5
ibirarema,5
cocal do sul,5
urucui,5
campo alegre,5
palmitos,5
ariranha,5
jacupiranga,5
itaju,5
tres barras,5
bituruna,5
palmeira d'oeste,5
itaipava,5
ipumirim,5
bom jesus do tocantins,5
carapebus,5
brauna,5
orindiuva,5
chui,5
teolandia,5
rio azul,5
santa quiteria,5
boa vista da aparecida,5
conceicao da feira,5
munhoz,5
pongai,5
sao bento,5
upanema,5
ribeirao do pinhal,5
ocaucu,5
salto do jacui,5
andrelandia,5
dores do rio preto,5
montalvania,5
delfinopolis,5
ipiabas,5
pedro canario,5
serra dos aimores,5
rio bananal,5
sao roque do canaa,5
alto araguaia,5
eugenopolis,5
esperantina,5
guaranta,5
sertao,5
porteirinha,5
nova bassano,5
general carneiro,5
aracoiaba,5
remanso,5
horizonte,5
quatro bocas,5
itauba,5
figueira,5
manoel ribas,5
lagoa da confusao,5
capim grosso,5
conceicao das pedras,5
macaiba,5
riacho de santana,5
alto parnaiba,5
monte azul,5
sud mennucci,5
prado,5
icapui,5
laurentino,5
vargem alta,5
joao lisboa,5
maristela,5
sao domingos do prata,5
granja,5
sales,5
paraibano,5
divinolandia de minas,5
tarabai,5
bom sucesso,5
quintana,5
andorinha,5
serra do ramalho,5
sao miguel,5
cachoeira,5
santo antonio do sudoeste,5
toritama,5
irapua,5
maragogi,5
riachao do jacuipe,5
muqui,5
castelandia,5
guaranta do norte,5
iconha,5
urbano santos,5
sertanopolis,5
inacio martins,5
sao miguel do guapore,5
guaraniacu,5
jordania,5
ipiranga,5
rio maria,5
estacao,5
campos altos,5
sao sebastiao do passe,5
palma sola,5
dom pedro,5
sao miguel dos campos,5
guabiruba,5
rio manso,5
santanesia,5
anita garibaldi,5
capao do cipo,5
agua doce do norte,5
altos,5
colombia,5
itapecuru mirim,5
capao do leao,5
jaguaribe,5
jardim,5
santo antonio das missoes,5
governador portela,4
mirinzal,4
carmo da cachoeira,4
moju,4
chapada,4
nova monte verde,4
pedreiras,4
fatima,4
merces,4
morro de sao paulo,4
rianapolis,4
renascenca,4
chopinzinho,4
pitanga,4
presidente tancredo neves,4
barros cassal,4
mutuipe,4
piedade do rio grande,4
ipu,4
bueno brandao,4
ipubi,4
gaurama,4
hidreletrica tucurui,4
belo vale,4
ritapolis,4
jacaraci,4
parauna,4
tanhacu,4
quilombo,4
pinheiro,4
alto rio doce,4
clementina,4
guimarania,4
santana do jacare,4
fazenda nova,4
ilhota,4
barreirinhas,4
tejupa,4
imigrante,4
populina,4
inaja,4
iati,4
mato leitao,4
sao valentim,4
reserva,4
chapada gaucha,4
arneiroz,4
pirenopolis,4
brejo da madre de deus,4
ilha de itamaraca,4
maravilhas,4
uniao de minas,4
jari,4
nova aurora,4
joao ramalho,4
balneario arroio do silva,4
maripa,4
angulo,4
carbonita,4
campo do meio,4
saudade do iguacu,4
ribeirao do sul,4
vera cruz do oeste,4
irani,4
marco,4
condado,4
itaituba,4
gameleira,4
ituacu,4
pien,4
piumhi,4
monte carlo,4
itapemirim,4
urubici,4
florida paulista,4
lucianopolis,4
caiaponia,4
salto veloso,4
maracacume,4
cruzalia,4
itaquitinga,4
santana do acarau,4
entre-ijuis,4
rio piracicaba,4
fatima do sul,4
balneario barra do sul,4
cristais paulista,4
ubaporanga,4
conceicao dos ouros,4
miranda,4
morro reuter,4
itiuba,4
bonfinopolis,4
salgado filho,4
congonhal,4
ibiam,4
jaguaruana,4
pedrinhas paulista,4
santa fe de goias,4
alcobaca,4
capitao,4
bernardino de campos,4
sao mateus do maranhao,4
dom basilio,4
altinopolis,4
uibai,4
joaquim nabuco,4
bandeira do sul,4
tibagi,4
forquilha,4
caarapo,4
bela cruz,4
saloa,4
avelar,4
cabo verde,4
edeia,4
cameta,4
santa lucia,4
vianopolis,4
aiuruoca,4
guaraciaba do norte,4
carius,4
olho d'agua das flores,4
quarai,4
ribeirao,4
volta grande,4
sao jorge do ivai,4
curralinho,4
itanhomi,4
pedra,4
ubaitaba,4
guaraci,4
morada nova de minas,4
iacu,4
nova alvorada,4
varre-sai,4
rio novo,4
trindade do sul,4
balneario rincao,4
itororo,4
bom jesus do norte,4
santa cruz da conceicao,4
jijoca de jericoacoara,4
mantenopolis,4
inaciolandia,4
goncalves,4
jussara,4
curiuva,4
jacinto machado,4
pocinhos,4
belmonte,4
matipo,4
coaraci,4
itatinga,4
dom silverio,4
analandia,4
pilao arcado,4
altaneira,4
rio preto,4
santana da vargem,4
corumbaiba,4
araci,4
macedonia,4
passira,4
vila rica,4
padre bernardo,4
rosana,4
janiopolis,4
sao jose da bela vista,4
jacui,4
itabela,4
setubinha,4
guaruja do sul,4
carajas,4
milagres,4
cristais,4
antonio carlos,4
itubera,4
santa cruz de monte castelo,4
arvorezinha,4
lagoa nova,4
itaperucu,4
ouro preto do oeste,4
goianinha,4
sao jose do turvo,4
poco verde,4
florestopolis,4
arroio grande,4
parelhas,4
joaquim tavora,4
sideropolis,4
oriente,4
sapucai-mirim,4
perola d'oeste,4
sanharo,4
sitio novo do tocantins,4
lavinia,4
governador celso ramos,4
itatim,4
santa mariana,4
valenca do piaui,4
barra do turvo,4
carambei,4
flores,4
sao miguel do anta,4
palma,4
posto da mata,4
francisco badaro,4
munhoz de melo,4
terra boa,4
santa terezinha de itaipu,4
cacule,4
barra do bugres,4
tarumirim,4
canelinha,4
chapadinha,4
amelia rodrigues,4
pilar,4
candido rodrigues,4
cabralia paulista,4
tres irmaos,4
cerro azul,4
piranhas,4
iguaracu,4
uruoca,4
jucurutu,4
sao sebastiao da grama,4
sertania,4
juti,4
glicerio,4
conceicao do para,4
formoso do araguaia,4
itinga,4
sao ludgero,4
rio bonito do iguacu,4
maurilandia,4
sao jose do egito,4
senador pompeu,4
jesuitas,4
peixoto de azevedo,4
santana do mundau,4
piranga,4
chapada dos guimaraes,4
vila dos cabanos,4
bom jesus do galho,4
arace,4
nova canaa do norte,4
sao goncalo do para,4
irineopolis,4
nova santa rosa,4
candiota,4
cidelandia,4
senhora de oliveira,4
sao pedro dos ferros,4
humaita,4
nova olinda do maranhao,4
ivinhema,4
centenario do sul,4
anta gorda,4
picarra,4
rio real,4
gandu,4
santana do serido,3
abatia,3
itapissuma,3
ilopolis,3
paranacity,3
urandi,3
urupa,3
pedra branca,3
boninal,3
palmeiras de goias,3
poloni,3
deodapolis,3
itamari,3
luminarias,3
salmourao,3
ibiapina,3
madre de deus de minas,3
aguas de santa barbara,3
ibicoara,3
dormentes,3
satubinha,3
cristalia,3
camutanga,3
chapadao do lageado,3
pereiro,3
inimutaba,3
candido sales,3
carvalhopolis,3
colinas do tocantins,3
coruripe,3
santo antonio da alegria,3
conceicao do jacuipe,3
nuporanga,3
maria da fe,3
sao jose de uba,3
silvianopolis,3
itacarambi,3
limeira do oeste,3
miranorte,3
nova soure,3
cachoeira dourada,3
rio do oeste,3
sao joao do oriente,3
tabocas do brejo velho,3
tuparetama,3
buriti dos lopes,3
gastao vidigal,3
bandeira,3
luzilandia,3
carire,3
herculandia,3
restinga seca,3
ribeira,3
sao tome,3
guajara-mirim,3
santa cruz de goias,3
valentim gentil,3
corbelia,3
santa mercedes,3
caiana,3
jaciara,3
rio de contas,3
campinapolis,3
lavras do sul,3
colniza,3
caibi,3
neves paulista,3
indiana,3
itaoca,3
coluna,3
sao jose do hortencio,3
sao joao do sul,3
areia branca,3
mirante do paranapanema,3
areia branca dos assis,3
francisco dumont,3
santa margarida,3
sao francisco do conde,3
sao joao batista do gloria,3
david canabarro,3
goianesia do para,3
pedro afonso,3
sangao,3
rio do antonio,3
nova canaa paulista,3
camocim de sao felix,3
beberibe,3
mombuca,3
vila nelita,3
mata roma,3
lagoa do ouro,3
sao pedro da uniao,3
itambaraca,3
major vieira,3
barracao,3
coronel joao sa,3
alto alegre do iguacu,3
lupercio,3
baturite,3
cariri do tocantins,3
cambira,3
durande,3
bento de abreu,3
trairi,3
sao joao de iracema,3
antonio prado de minas,3
tabuleiro,3
formoso,3
espirito santo do turvo,3
sinimbu,3
umbauba,3
vila flores,3
terra nova do norte,3
figueiropolis d'oeste,3
sao martinho,3
barra do mendes,3
vere,3
santana do manhuacu,3
dom aquino,3
prados,3
sao joao d'alianca,3
esperantinopolis,3
itapitanga,3
tucunduva,3
pantano grande,3
brasileia,3
fortuna,3
pacuja,3
recreio,3
conceicao da barra,3
inubia paulista,3
santa isabel do ivai,3
novo oriente,3
cabeceira grande,3
carrancas,3
sao jose do barreiro,3
luiziania,3
ibiraja,3
bacuri,3
barra dos coqueiros,3
jundiai do sul,3
descoberto,3
sao luis do paraitinga,3
cristal,3
concordia do para,3
moreira sales,3
santaluz,3
echapora,3
pedro osorio,3
cachoeira da prata,3
sucesso,3
gaucha do norte,3
arrozal,3
coqueiro baixo,3
barro alto,3
azurita,3
conceicao do tocantins,3
manoel viana,3
pindobacu,3
ivate,3
barra do tarrachil,3
witmarsum,3
urai,3
anhandui,3
itaja,3
rubim,3
coracao de jesus,3
taquarivai,3
cachoeira de pajeu,3
grao para,3
catu de abrantes,3
manduri,3
maximiliano de almeida,3
batalha,3
sao jose de mipibu,3
colonia leopoldina,3
luisburgo,3
altonia,3
mairi,3
resende costa,3
areiopolis,3
capela do alto,3
piata,3
gameleiras,3
portalegre,3
monte verde,3
mercedes,3
brasil novo,3
sao goncalo do rio preto,3
indiapora,3
timbe do sul,3
milha,3
lajinha,3
alvares florence,3
sao bernardo,3
rodeiro,3
santa rosa de lima,3
belo campo,3
roca sales,3
julio mesquita,3
barras,3
sao pedro do ivai,3
mineiros do tiete,3
patu,3
bela vista,3
alto santo,3
xambioa,3
periquito,3
dom vicoso,3
cristalandia,3
lontras,3
itabaianinha,3
toropi,3
ouvidor,3
careacu,3
uchoa,3
santa cecilia do pavao,3
ribeirao vermelho,3
borrazopolis,3
arembepe,3
pote,3
presidente medici,3
fruta de leite,3
reriutaba,3
catarina,3
sao joao da mata,3
jequia da praia,3
nova cruz,3
campo novo,3
jose de freitas,3
ventania,3
campestre,3
sao paulo das missoes,3
grao mogol,3
senador guiomard,3
xique-xique,3
alterosa,3
redentora,3
lagoinha,3
sao francisco de assis,3
augusto correa,3
sao sebastiao do maranhao,3
nazario,3
nova erechim,3
ponte serrada,3
juvenilia,3
jaguari,3
cedro de sao joao,3
sabino,3
lunardelli,3
abadia dos dourados,3
campos borges,3
parai,3
buriti,3
francisco sa,3
rodelas,3
tomazina,3
tiros,3
denise,3
itapetim,3
guaraciaba,3
conceicao das alagoas,3
quinta do sol,3
antonio pereira,3
laranjal do jari,3
breu branco,3
estrela do norte,3
tanque novo,3
alta floresta d'oeste,3
rondon,3
balneario gaivota,3
curaca,3
ouro verde,3
cururupu,3
joao alfredo,3
apodi,3
sao joao do manteninha,3
amapora,3
pocrane,3
garrafao do norte,3
divisa alegre,3
imaculada,3
visconde de maua,3
itirucu,3
wenceslau braz,3
sao jose do cerrito,3
meleiro,3
jaborandi,3
virgem da lapa,3
ita,3
guapiara,3
alfredo vasconcelos,3
riacho dos machados,3
juruena,3
tamarana,3
caravelas,3
pindare mirim,3
jose boiteux,3
alto taquari,3
arenapolis,3
bom jesus das selvas,3
santa rita de minas,3
riolandia,3
boa viagem,3
vale real,3
ibiai,3
seringueiras,3
bela vista do paraiso,3
paranatinga,3
rio fortuna,3
pirauba,3
barra do choca,3
americano do brasil,3
alambari,3
novo sao joaquim,3
machadinho d'oeste,3
lagoa dos gatos,3
tupandi,3
mondai,3
rodeio bonito,3
santa helena de minas,3
ibimirim,3
cruz machado,3
sume,3
monsenhor tabosa,3
ladainha,3
alvorada do norte,3
lobato,3
santa rita d'oeste,3
tenente portela,3
luizlandia do oeste,3
capitao poco,3
piedade dos gerais,3
mari,3
vila langaro,3
santana do cariri,3
jaqueira,3
maranguape,3
entre rios do oeste,3
alianca do tocantins,3
fronteiras,3
coremas,3
vista alegre do alto,3
carmo de minas,3
oscar bressane,3
alto horizonte,3
sapeacu,3
castanheira,3
carneirinho,3
serranopolis,3
caraubas,3
santo antonio do itambe,3
vitorino freire,3
florestal,3
colorado do oeste,3
liberdade,3
paranaiguara,3
verissimo,3
teofilandia,3
riqueza,3
oroco,3
manga,3
pouso alto,3
pouso redondo,3
santana dos montes,3
estreito,3
itapora,3
dois irmaos do buriti,3
santa clara do sul,3
mata grande,3
diogo de vasconcelos,3
itueta,3
paraiso do norte,3
mirandiba,3
monte alegre,3
curuca,3
urutai,3
ipiacu,3
senador amaral,3
correntina,3
tres arroios,3
guarani das missoes,3
alto alegre,3
reginopolis,3
itaguaje,2
planaltina de goias,2
flor da serra do sul,2
jatauba,2
jardim alegre,2
sao goncalo do abaete,2
ceilandia,2
guapirama,2
pocoes de paineiras,2
paudalho,2
sericita,2
ivai,2
fazenda vilanova,2
cristiano otoni,2
campo florido,2
frecheirinha,2
mucurici,2
pontalina,2
corumbatai,2
picui,2
perpetuo socorro,2
seberi,2
tacaratu,2
carmopolis,2
afranio,2
abare,2
santa teresinha,2
mambai,2
carlinda,2
mogi-mirim,2
nova ipixuna,2
turvania,2
sao jose da laje,2
macaparana,2
ibiracu,2
guariroba,2
bandeirantes do tocantins,2
tunas do parana,2
paulistania,2
paripiranga,2
uirauna,2
santa izabel do oeste,2
santa cruz de salinas,2
sao jose da coroa grande,2
lindoeste,2
vicencia,2
candoi,2
pau brasil,2
murutinga do sul,2
campo magro,2
guairaca,2
centro novo do maranhao,2
placas,2
santa maria da serra,2
meruoca,2
boca da mata,2
jupi,2
jaguaruna,2
itabatan,2
ipaporanga,2
marilac,2
venturosa,2
chaveslandia,2
irai,2
patrocinio paulista,2
varzea alegre,2
anadia,2
cerro negro,2
coroaci,2
antonina do norte,2
crisolita,2
nonoai,2
amarante,2
castro alves,2
matrincha,2
campina do monte alegre,2
nova canaa,2
frei martinho,2
segredo,2
bocaiuva do sul,2
novo itacolomi,2
lencois,2
cortes,2
porto firme,2
cumari,2
rio tinto,2
gloria de dourados,2
cambara do sul,2
sarapui,2
massape,2
passo de camaragibe,2
rechan,2
tangara,2
bodoco,2
pedras de fogo,2
inhauma,2
luiziana,2
itaguara,2
formigueiro,2
arari,2
feliz deserto,2
lagoa do carro,2
antonio cardoso,2
doutor camargo,2
leandro ferreira,2
muniz freire,2
tutoia,2
peritiba,2
serra dourada,2
matutina,2
corguinho,2
serrita,2
sao sebastiao do rio verde,2
chapada do norte,2
campina das missoes,2
sao roque de minas,2
cristopolis,2
alto caparao,2
santana da boa vista,2
ipixuna do para,2
acegua,2
bras pires,2
coronel martins,2
passa tres,2
florai,2
dona euzebia,2
governador lindenberg,2
damianopolis,2
ibiassuce,2
capetinga,2
ponto novo,2
altamira do parana,2
serro,2
caputira,2
sao joao de pirabas,2
baldim,2
doutor ulysses,2
martins,2
ibateguara,2
sao miguel do cambui,2
sao jose dos quatro marcos,2
paula freitas,2
diorama,2
sao felipe,2
kalore,2
alvaro de carvalho,2
demerval lobao,2
nova palma,2
jucurucu,2
buritizal,2
miraima,2
doverlandia,2
sao felix do araguaia,2
pimenta,2
sao jose do divino,2
vicentinopolis,2
ouro,2
bom retiro,2
maua da serra,2
pastos bons,2
coronel macedo,2
itapirapua paulista,2
passos maia,2
solonopole,2
capim branco,2
curvelandia,2
jandaia,2
chacara,2
magda,2
silveira martins,2
pindai,2
olho d'agua das cunhas,2
ribeiraozinho,2
pocoes,2
alexandrita,2
luz,2
santo antonio,2
barao de cotegipe,2
agua comprida,2
taperuaba,2
anitapolis,2
guaratinga,2
goiabeira,2
irara,2
gaviao peixoto,2
santo antonio do pinhal,2
jacigua,2
dobrada,2
vitoria das missoes,2
ipigua,2
martinho campos,2
macambara,2
jaguaquara,2
carnaubal,2
boa vista do gurupi,2
congonhinhas,2
serrania,2
almas,2
arroio do tigre,2
agrestina,2
pintadas,2
redencao do gurgueia,2
ribeirao branco,2
araponga,2
novo oriente do piaui,2
irupi,2
carmo do rio verde,2
morro grande,2
estrela do indaia,2
sitio novo,2
engenheiro balduino,2
itagi,2
campo alegre do fidalgo,2
romaria,2
coronel murta,2
cumaru,2
colmeia,2
agua clara,2
capitao eneas,2
itapiuna,2
jaboti,2
maragogipe,2
abaira,2
planaltino,2
macieira,2
materlandia,2
grandes rios,2
xapuri,2
moncoes,2
nova campina,2
ichu,2
irai de minas,2
bias fortes,2
inhapi,2
narandiba,2
virgolandia,2
alcantara,2
nova itaberaba,2
santa maria do suacui,2
dona francisca,2
frei lagonegro,2
capinzal do norte,2
rio formoso,2
alagoinha,2
sao jorge do patrocinio,2
monte belo do sul,2
mara rosa,2
santa maria da boa vista,2
avelino lopes,2
ibiajara,2
ararica,2
mariapolis,2
itau,2
sao domingos do maranhao,2
igaci,2
florida,2
jeronimo monteiro,2
jacareacanga,2
gloria do goita,2
buritirama,2
sao jose do rio claro,2
itaguaru,2
aracitaba,2
caiua,2
alvorada d'oeste,2
sao joao das missoes,2
iacri,2
cavalcante,2
carutapera,2
coroados,2
poco redondo,2
pirpirituba,2
cerro grande do sul,2
aramari,2
macaubal,2
itagiba,2
itapicuru,2
areia,2
lourdes,2
planura,2
jabora,2
carnaiba do sertao,2
mascote,2
barrolandia,2
tuparendi,2
joao camara,2
ibicare,2
pindorama,2
piau,2
pardinho,2
caldas do jorro,2
campo alegre de goias,2
itatiaiucu,2
carolina,2
rancho queimado,2
jesupolis,2
riachao das neves,2
santo eduardo,2
acaiaca,2
porangaba,2
jaraguari,2
presidente alves,2
agua doce,2
perola,2
glorinha,2
engenheiro passos,2
werneck,2
nova mamore,2
irape,2
poxoreu,2
nova olimpia,2
victor graeff,2
guarda-mor,2
iuna,2
ocara,2
jaci,2
bom jesus da penha,2
piacabucu,2
putinga,2
extremoz,2
sao sebastiao de campos,2
iramaia,2
alhandra,2
sao jose do goiabal,2
abaiara,2
agronomica,2
amaraji,2
dionisio,2
moreilandia,2
potim,2
alto parana,2
aparecida de sao manuel,2
saude,2
pentecoste,2
coxilha,2
santa rita do ibitipoca,2
alfredo wagner,2
imbau,2
novo repartimento,2
braco do rio,2
pato bragado,2
campestre da serra,2
palmeiras,2
sao paulo do potengi,2
santa ernestina,2
xambre,2
iraucuba,2
boqueirao do leao,2
paulo lopes,2
porto amazonas,2
queluz,2
zortea,2
senador cortes,2
santa maria do para,2
conceicao,2
candido mendes,2
rifaina,2
vila nova,2
matoes do norte,2
sao miguel do gostoso,2
sao pedro do turvo,2
pindorama do tocantins,2
imbe de minas,2
iguai,2
potengi,2
california,2
quitandinha,2
anage,2
serranopolis do iguacu,2
alvarenga,2
nossa senhora das gracas,2
capao da porteira,2
porto trombetas,2
serra azul de minas,2
nova brasilandia d'oeste,2
medeiros,2
luiz alves,2
icarai de minas,2
canhotinho,2
floreal,2
pontalinda,2
mariluz,2
penaforte,2
tapiramuta,2
quijingue,2
sao pedro de alcantara,2
piracuruca,2
matelandia,2
pacoti,2
crissiumal,2
portelandia,2
sao joao do ivai,2
caraiba,2
carinhanha,2
tobias barreto,2
roncador,2
simolandia,2
augusto pestana,2
santo antonio do caiua,2
ibiaca,2
turvolandia,2
guamare,2
itaquirai,2
espigao alto do iguacu,2
brazabrantes,2
nazareno,2
alto garcas,2
nossa senhora do remedio,2
brejoes,2
xavantina,2
araguapaz,2
juranda,2
satuba,2
domiciano ribeiro,2
arapei,2
aratuba,2
juscimeira,2
riacho das almas,2
parana,2
apuiares,2
espigao,2
corumba de goias,2
getulina,2
ibirataia,2
patrocinio do muriae,2
sao sebastiao da boa vista,2
ametista do sul,2
ouro verde de minas,2
ielmo marinho,2
santa cruz do prata,2
ibiraiaras,2
buenos aires,2
machacalis,2
santa barbara do sul,2
monte castelo,2
jaboticatubas,2
bataypora,2
jequitai,2
quixelo,2
bom jesus da serra,2
arraias,2
conde,2
sao francisco do guapore,2
urucuca,2
presidente kubitschek,2
goianorte,2
vargem grande do rio pardo,2
cubati,2
porto calvo,2
rio doce,2
abdon batista,2
tabapora,2
rubiacea,2
mar vermelho,2
barra,2
alpercata,2
celina,2
euclides da cunha paulista,2
itacoatiara,2
senador firmino,2
pimenteiras,2
tocos,2
guarara,2
quevedos,2
capela de santana,2
barra de guabiraba,2
jacinto,2
sao geraldo da piedade,2
emilianopolis,2
santa terezinha,2
barra de sao miguel,2
tomar do geru,2
tanque d'arca,2
jussari,2
reserva do cabacal,2
unistalda,2
laranjal,2
zacarias,2
paulo jacinto,2
montezuma,2
campestre do maranhao,2
palmeirinha,2
alexandria,2
aruana,2
agua santa,2
cachoeira do campo,2
sao joao do manhuacu,2
jequitiba,2
varjao de minas,2
sitio do quinto,2
mojui dos campos,2
paiva,2
sonora,2
baianopolis,2
guidoval,2
ceara-mirim,2
salto da divisa,2
general camara,2
oros,2
santo antonio do grama,2
oeiras do para,2
porto franco,2
sao luis do quitunde,2
campanario,2
panelas,2
presidente kennedy,2
bonfinopolis de minas,2
costa marques,2
caririacu,2
sao luis do curu,2
junqueiro,2
monnerat,2
armazem,2
mansidao,2
piripa,2
nipoa,2
benevides,2
riachinho,2
princesa isabel,2
alto rio novo,2
junco do serido,2
hidrolina,2
bodoquena,2
tapirai,2
rio das antas,2
sape,2
ipe,2
pendencias,2
sao jose da vitoria,2
urucurituba,2
carnaubais,2
ferros,2
ajuricaba,2
rodolfo fernandes,2
barra de santo antonio,2
sapopema,2
caninde de sao francisco,2
mae do rio,2
sao felix do coribe,2
iracema,2
anastacio,2
elisio medrado,2
passagem franca,2
sao jose do belmonte,2
chale,2
itaueira,2
belem do sao francisco,2
lavras da mangabeira,2
couto de magalhaes,2
sucupira do norte,2
sao vendelino,2
taquaracu de minas,2
itapirapua,2
senador modestino goncalves,2
itamogi,2
solanea,2
botuvera,2
cotriguacu,2
igreja nova,2
jandaira,2
sao bras do suacui,2
taciba,2
sao thome das letras,2
wanderley,2
muquem do sao francisco,2
vereda,2
marinopolis,2
cruzeiro da fortaleza,2
lupionopolis,2
itamira,2
vargem,2
oliveira dos brejinhos,2
serra de sao bento,2
nossa senhora da gloria,2
corrego danta,2
erval grande,2
itirapina,2
monte formoso,2
protasio alves,2
paranapua,2
dario meira,2
ibipitanga,2
santo antonio do palma,2
aurea,2
canitar,2
ponto dos volantes,2
montauri,2
morpara,2
novo barreiro,2
alto paraiso,2
pindoba,2
porto esperidiao,2
guaiuba,2
atalanta,1
santo inacio,1
alegria,1
mimoso de goias,1
simplicio mendes,1
minas do leao,1
central,1
confins,1
flora rica,1
nova araca,1
riachuelo,1
manoel urbano,1
presidente lucena,1
jaguaracu,1
itapage,1
sao jose do xingu,1
nova independencia,1
agrolandia,1
senador jose porfirio,1
major porto,1
sao pedro do butia,1
angustura,1
cupira,1
trombas,1
miraguai,1
marcos parente,1
martinesia,1
boa esperanca do iguacu,1
messias targino,1
berilo,1
sobralia,1
pio ix,1
prudencio thomaz,1
pio xii,1
curral de cima,1
bom jesus do araguaia,1
santo antonio do planalto,1
santa rosa do sul,1
santa cruz do piaui,1
joao dourado,1
tunapolis,1
carmolandia,1
silvano,1
vila flor,1
cantanhede,1
lagoa,1
sacra familia do tingua,1
tabuleiro do norte,1
santo antonio do canaa,1
lagoa dos patos,1
jardim olinda,1
medicilandia,1
ingai,1
fonseca,1
montividiu do norte,1
sao jose do serido,1
vargeao,1
onda verde,1
ipiranga do sul,1
capivari do sul,1
conceicao do formoso,1
coracao de maria,1
aquidaba,1
serra azul,1
jardim abc de goias,1
liberato salzano,1
ibipeba,1
garruchos,1
boraceia,1
ourem,1
campinacu,1
ipueira,1
ubirajara,1
itagimirim,1
anhembi,1
herveiras,1
missao velha,1
santa isabel do rio preto,1
pancas,1
acajutiba,1
ouro verde de goias,1
santo hipolito,1
itutinga,1
nova luzitania,1
angicos,1
sebastiao leal,1
santo antonio do leste,1
jequeri,1
ulianopolis,1
salobro,1
desterro,1
venda branca,1
mombaca,1
lutecia,1
ibirapua,1
itaara,1
claraval,1
sao joao da ponte,1
lavrinhas,1
gongogi,1
serra bonita,1
santa barbara do para,1
francisco santos,1
sao pedro do sul,1
novo cabrais,1
balbinos,1
olhos d'agua,1
pacotuba,1
guarapua,1
sao bonifacio,1
guimaraes,1
alagoa nova,1
vicente dutra,1
sao sebastiao do paraiba,1
palmares paulista,1
virginia,1
rio espera,1
sanga puita,1
natividade da serra,1
janduis,1
carnauba dos dantas,1
cipo-guacu,1
monte alegre de sergipe,1
nova roma,1
terra nova,1
cujubim,1
orizania,1
cabaceiras do paraguacu,1
sao rafael,1
duas barras,1
monte bonito,1
siriji,1
santa salete,1
ponto do marambaia,1
sao jose dos cordeiros,1
sao francisco do gloria,1
terezinha,1
barra longa,1
macuco de minas,1
queiroz,1
arvoredo,1
pouso novo,1
guatapara,1
pocao,1
florania,1
feliz natal,1
erere,1
calmon,1
urucania,1
cerrito,1
urucuia,1
pindoretama,1
general maynard,1
varzedo,1
sao benedito do rio preto,1
paraju,1
jacuipe,1
marques de souza,1
corrego fundo,1
piquerobi,1
britania,1
retirolandia,1
patis,1
lindolfo collor,1
pires ferreira,1
itanhanga,1
santana do sobrado,1
correntes,1
estrela d'oeste,1
maranhaozinho,1
marcelino vieira,1
sardoa,1
montanhas,1
francisco dantas,1
boa ventura,1
laranja da terra,1
felisburgo,1
estiva,1
coari,1
almino afonso,1
benedito leite,1
adrianopolis,1
campos verdes,1
santo expedito,1
goiandira,1
galinhos,1
tapera,1
sao nicolau,1
assuncao,1
tocos do moji,1
dom macedo costa,1
divino de sao lourenco,1
nortelandia,1
alexandra,1
humberto de campos,1
adhemar de barros,1
nova esperanca do piria,1
agua nova,1
riversul,1
umburatiba,1
bertopolis,1
candeal,1
filadelfia,1
girau do ponciano,1
santa amelia,1
presidente juscelino,1
meridiano,1
embauba,1
itaguari,1
pranchita,1
canudos,1
pedra menina,1
nova redencao,1
lagoa d'anta,1
ibitiuva,1
capistrano,1
itaguacu da bahia,1
tapinas,1
fortim,1
terenos,1
senador la rocque,1
caparao,1
ipupiara,1
graccho cardoso,1
sao cristovao do sul,1
brejo,1
cairu,1
maquine,1
lindoia do sul,1
sao jose do campestre,1
sao patricio,1
vermelho novo,1
ilha dos valadares,1
novo alegre,1
pirai do norte,1
antonio martins,1
tacuru,1
claro dos pocoes,1
mariental,1
palminopolis,1
porteiras,1
delfim moreira,1
juruti,1
parnarama,1
sao pedro da agua branca,1
lajeado grande,1
quatro pontes,1
brejo do cruz,1
trabiju,1
pedra lavrada,1
angelo frechiani,1
mossamedes,1
tururu,1
ibarama,1
lucena,1
ilicinea,1
nova ubirata,1
banzae,1
itiquira,1
coronel joao pessoa,1
tumiritinga,1
santo expedito do sul,1
sede alvorada,1
piracema,1
pitimbu,1
camacho,1
ribeira do amparo,1
santa maria do herval,1
jaua,1
cuite velho,1
arapoema,1
araguana,1
itarema,1
corrego do ouro,1
duere,1
guamiranga,1
carmesia,1
erebango,1
atilio vivacqua,1
picada cafe,1
icaraima,1
apore,1
gramado xavier,1
caem,1
cajapio,1
tavares,1
sento se,1
nova santa barbara,1
arantina,1
icatu,1
brasopolis,1
vitorinos,1
arataca,1
paranapoema,1
loreto,1
mucambo,1
dom cavati,1
dona emma,1
aiuaba,1
morro do pilar,1
quilometro 14 do mutum,1
bom jardim de goias,1
pitanga de estrada,1
desterro de entre rios,1
itatiba do sul,1
varzea nova,1
morro da garca,1
juripiranga,1
ferreiros,1
nova crixas,1
mutum parana,1
murici,1
tupassi,1
miranda do norte,1
porto murtinho,1
cezarina,1
itaju do colonia,1
assare,1
saubara,1
umburanas,1
atalaia,1
itape,1
nova america,1
picarras,1
alto alegre do maranhao,1
floresta do araguaia,1
uruana de minas,1
jaquirana,1
santana de pirapama,1
caxingo,1
caldas brandao,1
serranopolis de minas,1
crominia,1
guinda,1
guassusse,1
agua preta,1
sao clemente,1
tamboara,1
caridade,1
berizal,1
brejo dos santos,1
tome-acu,1
vicentina,1
salto grande,1
cotegipe,1
pinhotiba,1
vermelho,1
divinesia,1
cabeceiras,1
ajapi,1
pereiras,1
nobres,1
ipaumirim,1
guabiju,1
americo de campos,1
porto alegre do norte,1
conquista d'oeste,1
augustinopolis,1
monte alverne,1
boa vista do sul,1
felicio dos santos,1
paula candido,1
leoberto leal,1
sete de setembro,1
treviso,1
ibema,1
jampruca,1
viseu,1
boa vista do burica,1
mirante da serra,1
esmeralda,1
centenario,1
igarape-miri,1
santo antonio do aventureiro,1
paraiso das aguas,1
montadas,1
alegrete do piaui,1
mauriti,1
miradouro,1
arame,1
diamante d'oeste,1
crucilandia,1
juru,1
cerejeiras,1
cassia dos coqueiros,1
amparo da serra,1
campo alegre de lourdes,1
cascalho rico,1
rosario do ivai,1
sao luiz do norte,1
arapua,1
apora,1
cha grande,1
poco de pedra,1
ibitira,1
igapora,1
serra branca,1
sao joao de petropolis,1
olaria,1
independencia,1
vespasiano correa,1
lagoa de velhos,1
ibicuitinga,1
jeriquara,1
presidente castello branco,1
balsa nova,1
sao jorge d'oeste,1
ibitiara,1
nova resende,1
pombos,1
pugmil,1
dezesseis de novembro,1
alpestre,1
ponto belo,1
presidente nereu,1
pescador,1
anguera,1
pirajuba,1
barao ataliba nogueira,1
alto piquiri,1
tuiuti,1
groairas,1
portela,1
santo antonio do leverger,1
coreau,1
redencao da serra,1
bonito de santa fe,1
sao jose do ribeirao,1
magalhaes de almeida,1
divinopolis de goias,1
baixa grande,1
mata,1
vargem grande do soturno,1
caxambu do sul,1
braunas,1
alianca,1
leopolis,1
vargem grande,1
varzea do poco,1
malhador,1
vila pereira,1
vila reis,1
quipapa,1
gramado dos loureiros,1
valao do barro,1
termas de ibira,1
bacaxa,1
paranhos,1
lamarao,1
bodo,1
pontao,1
douradina,1
querencia do norte,1
sertao santana,1
canaa,1
bela vista do maranhao,1
peixe,1
sambaiba,1
senador salgado filho,1
ciriaco,1
wagner,1
aurilandia,1
frutuoso gomes,1
santo antonio das queimadas,1
sao jose do piaui,1
jardim de piranhas,1
pedro gomes,1
novo planalto,1
aratiba,1
santa clara d'oeste,1
aparecida d'oeste,1
angical do piaui,1
ibitita,1
bandeirantes d'oeste,1
tres forquilhas,1
cha de alegria,1
palmeira d oeste,1
santa luzia do norte,1
frei gaspar,1
aparecida do rio negro,1
machados,1
jose da penha,1
pinhal da serra,1
agua limpa,1
ressaquinha,1
estevao de araujo,1
cerro grande,1
porto acre,1
sulina,1
andre da rocha,1
sabaudia,1
buriti do tocantins,1
jussiape,1
rincao,1
combinado,1
machadinho,1
mae d'agua,1
felixlandia,1
inocencia,1
desterro do melo,1
nova boa vista,1
piacatu,1
sao bernardino,1
senhora dos remedios,1
vila bela da santissima trindade,1
lagoa dos tres cantos,1
santa rita de jacutinga,1
reserva do iguacu,1
pedras altas,1
santo antonio dos campos,1
flores de goias,1
joselandia,1
coronel sapucaia,1
engenheiro navarro,1
sao mateus de minas,1
antunes,1
fontoura xavier,1
nacip raydan,1
sao miguel do aleixo,1
mampituba,1
laje do muriae,1
capoeiras,1
jaupaci,1
isaias coelho,1
jenipapo de minas,1
abadiania,1
paripueira,1
arara,1
planaltina do parana,1
campo do tenente,1
sao joao da parauna,1
piacu,1
botupora,1
miravania,1
caetes,1
erico cardoso,1
arroio trinta,1
sao jose da tapera,1
frei rogerio,1
paraiso do sul,1
brotas de macaubas,1
macambira,1
capitao andrade,1
contenda,1
tapurah,1
ewbank da camara,1
serio,1
lagoa real,1
fragosos,1
madalena,1
tracuateua,1
sao carlos do ivai,1
missi,1
nova vicosa,1
murucupi,1
romelandia,1
cajari,1
novo lino,1
barra do jacare,1
pedrao,1
doce grande,1
luziapolis,1
itabirinha,1
jiquirica,1
acucena,1
jerico,1
coronel domingos soares,1
padre paraiso,1
rio dos indios,1
remigio,1
angelina,1
ipecaeta,1
piratini,1
agudo,1
praia norte,1
inhuma,1
lagoa da canoa,1
bertolinia,1
fernao,1
serra dos dourados,1
moema,1
progresso,1
perobal,1
galvao,1
serra do salitre,1
japaraiba,1
pirapo,1
porto estrela,1
vitoria do jari,1
porto rico,1
nova padua,1
pedra do indaia,1
aribice,1
galia,1
lagoa de sao francisco,1
glaura,1
sao bentinho,1
aramina,1
itupiranga,1
vitorino,1
mariopolis,1
sao lourenco do piaui,1
purilandia,1
corumbatai do sul,1
maribondo,1
rubineia,1
pocao de pedras,1
cruzeiro do iguacu,1
itanhem,1
andrequice,1
leopoldo de bulhoes,1
vertentes,1
sao jose da boa vista,1
sao vitor,1
lagoinha do piaui,1
fagundes,1
nova america da colina,1
sao jose do inhacora,1
faxinalzinho,1
ravena,1
boa vista do cadeado,1
florinia,1
sao goncalo do rio das pedras,1
uniao,1
orobo,1
barao do triunfo,1
conceicao do almeida,1
bonito de minas,1
ipiranga de goias,1
rio dos cedros,1
baixa grande do ribeiro,1
cajueiro,1
natercia,1
lago verde,1
campo azul,1
pequizeiro,1
buique,1
sao benedito do sul,1
estrela do sul,1
passa tempo,1
gentio do ouro,1
conceicao da ibitipoca,1
osvaldo kroeff,1
condeuba,1
bugre,1
pianco,1
areial,1
novo machado,1
canto do buriti,1
canapi,1
brejolandia,1
santa fe de minas,1
santo antonio do rio abaixo,1
santo amaro das brotas,1
maiquinique,1
morro do ferro,1
varzea,1
santa rita da floresta,1
angelica,1
sao joao do sobrado,1
morro vermelho,1
sao felix de minas,1
goncalves dias,1
uniao da serra,1
governador dix-sept rosado,1
matoes,1
sarutaia,1
nova guarita,1
iaras,1
santo antonio do taua,1
jacuizinho,1
nova timboteua,1
chorozinho,1
silveira carvalho,1
mamonas,1
aguas claras,1
barao de juparana,1
ibiara,1
nantes,1
nossa senhora de lourdes,1
lamim,1
queixada,1
divino das laranjeiras,1
simao pereira,1
mato rico,1
japaratuba,1
guaraquecaba,1
pareci novo,1
macuco,1
grupiara,1
alagoa,1
andarai,1
dois riachos,1
manaira,1
bequimao,1
saboeiro,1
santa maria do salto,1
satiro dias,1
mocajuba,1
cristinapolis,1
itaporanga d'ajuda,1
nova laranjeiras,1
lagoa do piaui,1
passagem,1
ivora,1
campo do brito,1
lagoao,1
paial,1
cajuri,1
boa vista das missoes,1
joaima,1
vieiras,1
anaurilandia,1
alagoa grande,1
telha,1
governador mangabeira,1
taparuba,1
vista alegre,1
guiricema,1
sao sebastiao da serra,1
alvorada do gurgueia,1
coimbra,1
mussurepe,1
pedro velho,1
traipu,1
breves,1
sao miguel das matas,1
cambiasca,1
comercinho,1
lagoa do mato,1
aguas frias,1
chorrocho,1
indiaroba,1
sao joao da urtiga,1
salto do itarare,1
morro redondo,1
barro preto,1
amapa do maranhao,1
rio rufino,1
matriz de camaragibe,1
guia lopes da laguna,1
cedro,1
coronel freitas,1
estrela velha,1
calcado,1
capela do alto alegre,1
brejo bonito,1
brejetuba,1
cotipora,1
conrado,1
sao jorge,1
ilha grande,1
amargosa,1
santa filomena,1
santa brigida,1
santana do deserto,1
ribeiropolis,1
bom jesus do querendo,1
moeda,1
mutunopolis,1
almirante tamandare do sul,1
taquarucu do sul,1
divisa nova,1
igrapiuna,1
arraial d ajuda,1
jurema,1
igaratinga,1
sao jorge do oeste,1
alto alegre do pindare,1
puxinana,1
ibitioca,1
farol,1
jucas,1
desembargador otoni,1
coronel pacheco,1
sao bento abade,1
monsenhor paulo,1
porto lucena,1
ipiranga do norte,1
felipe guerra,1
bela vista de minas,1
alto sao joao,1
luis correia,1
jamapara,1
chaval,1
nossa senhora das dores,1
conceicao do caninde,1
croata,1
ribas do rio pardo,1
aracatu,1
guape,1
cedro do abaete,1
ourizona,1
aragoiania,1
sao domingos do araguaia,1
boquira,1
riacho da cruz,1
jamaica,1
guzolandia,1
ponte alta do norte,1
amanari,1
uniao do oeste,1
pequi,1
fenix,1
teresina de goias,1
teixeira,1
sao francisco do brejao,1
bom jesus do sul,1
sao joaquim do monte,1
coite do noia,1
coqueiros do sul,1
amontada,1
cachoeira do brumado,1
santana do ipanema,1
sao bras,1
formosa da serra negra,1
peri mirim,1
aguas mornas,1
barao,1
rainha do mar,1
acari,1
pratapolis,1
banabuiu,1
conselheiro mairinck,1
caraibas,1
america dourada,1
hulha negra,1
dias d avila,1
constantina,1
travesseiro,1
santa quiteria do maranhao,1
adustina,1
turvelandia,1
ribeiro junqueira,1
elisiario,1
araguaia,1
morro agudo de goias,1
cipo,1
rosario,1
jaguarembe,1
divinopolis do tocantins,1
japoata,1
pureza,1
nova esperanca do sudoeste,1
santana do capivari,1
sao felix,1
sao desiderio,1
vale do sol,1
parisi,1
ubai,1
santa cruz do timbo,1
sao sebastiao da amoreira,1
uruburetama,1
aurora do para,1
tenente ananias,1
gabriel monteiro,1
xexeu,1
itaparica,1
araguacu,1
formosa do oeste,1
novo brasil,1
cabixi,1
jaguaribara,1
taiacu,1
barrocas,1
silvanopolis,1
apuarema,1
humildes,1
nova roma do sul,1
central de santa helena,1
ipuiuna,1
godoy moreira,1
estrela d oeste,1
novo jardim,1
perola independente,1
tecainda,1
manfrinopolis,1
ouro verde do oeste,1
rio grande do piaui,1
bataipora,1
oleo,1
governador eugenio barros,1
porto de pedras,1
caracol,1
sao pedro do iguacu,1
brasilandia,1
iomere,1
tuparece,1
santa leopoldina,1
igarape-acu,1
polo petroquimico de triunfo,1
novais,1
aparecida de monte alto,1
sao geraldo do baguari,1
salinas da margarida,1
marilena,1
japi,1
barauna,1
uniao do sul,1
antonio goncalves,1
santana do itarare,1
ibertioga,1
candeias do jamari,1
chiapetta,1
paineiras,1
sao joao do sabugi,1
quatituba,1
monte santo,1
epitaciolandia,1
cordeiros,1
pedranopolis,1
campo alegre de minas,1
itabi,1
santa rita do itueto,1
mira estrela,1
rancho alegre d'oeste,1
santo antonio do aracangua,1
alfredo marcondes,1
pontes gestal,1
nova guataporanga,1
rubelita,1
moncao,1
agisse,1
castanheiras,1
cocos,1
marilandia do sul,1
ananas,1
taquarana,1
bossoroca,1
monteiropolis,1
suzanapolis,1
heliopolis,1
centralina,1
tibau do sul,1
marechal deodoro,1
botelho,1
biritinga,1
severiano melo,1
pirambu,1
barreira,1
joaquim pires,1
fortaleza dos valos,1
tiradentes do sul,1
capela nova,1
bemposta,1
pingo-d'agua,1
barra do rio azul,1
muritiba,1
pavao,1
caldeirao grande do piaui,1
entre folhas,1
angical,1
nova floresta,1
vicosa do ceara,1
neopolis,1
presidente janio quadros,1
foz do jordao,1
aroeiras,1
lagoa salgada,1
bora,1
minduri,1
palmopolis,1
palhano,1
nazare da mata,1
brejo grande,1
cravolandia,1
selbach,1
cocais,1
nova lacerda,1
arenopolis,1
novo mundo,1
gilbues,1
campo grande do piaui,1
vanini,1
ibiracatu,1
tamandare,1
agua fria de goias,1
itaicaba,1
oiapoque,1
vila nova do sul,1
ribeirao cascalheira,1
salvador do sul,1
cocalzinho de goias,1
anhumas,1
santa luzia do parua,1
padre gonzales,1
iretama,1
mariano moro,1
sandolandia,1
taboquinhas,1
sao mamede,1
mucuge,1
buriti alegre,1
inga,1
bom jesus do amparo,1
cacaulandia,1
riacho de santo antonio,1
pium,1
ministro andreazza,1
caseiros,1
porto grande,1
caicara do norte,1
eugenio de castro,1
